ID,treat,age,educ,nodegree,income,year
NSW1,1,37,11,1,0.0,1974
NSW2,1,22,9,1,0.0,1974
NSW3,1,30,12,0,0.0,1974
NSW4,1,27,11,1,0.0,1974
NSW5,1,33,8,1,0.0,1974
NSW6,1,22,9,1,0.0,1974
NSW7,1,23,12,0,0.0,1974
NSW8,1,32,11,1,0.0,1974
NSW9,1,22,16,0,0.0,1974
NSW10,1,33,12,0,0.0,1974
NSW11,1,19,9,1,0.0,1974
NSW12,1,21,13,0,0.0,1974
NSW13,1,18,8,1,0.0,1974
NSW14,1,27,10,1,0.0,1974
NSW15,1,17,7,1,0.0,1974
NSW16,1,19,10,1,0.0,1974
NSW17,1,27,13,0,0.0,1974
NSW18,1,23,10,1,0.0,1974
NSW19,1,40,12,0,0.0,1974
NSW20,1,26,12,0,0.0,1974
NSW21,1,23,11,1,0.0,1974
NSW22,1,41,14,0,0.0,1974
NSW23,1,38,9,1,0.0,1974
NSW24,1,24,11,1,0.0,1974
NSW25,1,18,10,1,0.0,1974
NSW26,1,29,11,1,0.0,1974
NSW27,1,25,11,1,0.0,1974
NSW28,1,27,10,1,0.0,1974
NSW29,1,17,10,1,0.0,1974
NSW30,1,24,11,1,0.0,1974
NSW31,1,17,10,1,0.0,1974
NSW32,1,48,4,1,0.0,1974
NSW33,1,25,11,1,0.0,1974
NSW34,1,20,12,0,0.0,1974
NSW35,1,25,12,0,0.0,1974
NSW36,1,42,14,0,0.0,1974
NSW37,1,25,5,1,0.0,1974
NSW38,1,23,12,0,0.0,1974
NSW39,1,46,8,1,0.0,1974
NSW40,1,24,10,1,0.0,1974
NSW41,1,21,12,0,0.0,1974
NSW42,1,19,9,1,0.0,1974
NSW43,1,17,8,1,0.0,1974
NSW44,1,18,8,1,0.0,1974
NSW45,1,20,11,1,0.0,1974
NSW46,1,25,11,1,0.0,1974
NSW47,1,17,8,1,0.0,1974
NSW48,1,17,9,1,0.0,1974
NSW49,1,25,5,1,0.0,1974
NSW50,1,23,12,0,0.0,1974
NSW51,1,28,8,1,0.0,1974
NSW52,1,31,11,1,0.0,1974
NSW53,1,18,11,1,0.0,1974
NSW54,1,25,12,0,0.0,1974
NSW55,1,30,11,1,0.0,1974
NSW56,1,17,10,1,0.0,1974
NSW57,1,37,9,1,0.0,1974
NSW58,1,41,4,1,0.0,1974
NSW59,1,42,14,0,0.0,1974
NSW60,1,22,11,1,0.0,1974
NSW61,1,17,8,1,0.0,1974
NSW62,1,29,8,1,0.0,1974
NSW63,1,35,10,1,0.0,1974
NSW64,1,27,11,1,0.0,1974
NSW65,1,29,4,1,0.0,1974
NSW66,1,28,9,1,0.0,1974
NSW67,1,27,11,1,0.0,1974
NSW68,1,23,7,1,0.0,1974
NSW69,1,45,5,1,0.0,1974
NSW70,1,29,13,0,0.0,1974
NSW71,1,27,9,1,0.0,1974
NSW72,1,46,13,0,0.0,1974
NSW73,1,18,6,1,0.0,1974
NSW74,1,25,12,0,0.0,1974
NSW75,1,28,15,0,0.0,1974
NSW76,1,25,11,1,0.0,1974
NSW77,1,22,12,0,0.0,1974
NSW78,1,21,9,1,0.0,1974
NSW79,1,40,11,1,0.0,1974
NSW80,1,22,11,1,0.0,1974
NSW81,1,25,12,0,0.0,1974
NSW82,1,18,12,0,0.0,1974
NSW83,1,38,12,0,0.0,1974
NSW84,1,27,13,0,0.0,1974
NSW85,1,27,8,1,0.0,1974
NSW86,1,38,11,1,0.0,1974
NSW87,1,23,8,1,0.0,1974
NSW88,1,26,11,1,0.0,1974
NSW89,1,21,12,0,0.0,1974
NSW90,1,25,8,1,0.0,1974
NSW91,1,31,11,1,0.0,1974
NSW92,1,17,10,1,0.0,1974
NSW93,1,25,11,1,0.0,1974
NSW94,1,21,12,0,0.0,1974
NSW95,1,44,11,1,0.0,1974
NSW96,1,25,12,0,0.0,1974
NSW97,1,18,9,1,0.0,1974
NSW98,1,42,12,0,0.0,1974
NSW99,1,25,10,1,0.0,1974
NSW100,1,31,9,1,0.0,1974
NSW101,1,24,10,1,0.0,1974
NSW102,1,26,10,1,0.0,1974
NSW103,1,25,11,1,0.0,1974
NSW104,1,18,11,1,0.0,1974
NSW105,1,19,11,1,0.0,1974
NSW106,1,43,9,1,0.0,1974
NSW107,1,27,13,0,0.0,1974
NSW108,1,17,9,1,0.0,1974
NSW109,1,30,11,1,0.0,1974
NSW110,1,26,10,1,2027.999,1974
NSW111,1,20,9,1,6083.994,1974
NSW112,1,17,9,1,445.1704,1974
NSW113,1,20,12,0,989.2678,1974
NSW114,1,18,11,1,858.2543,1974
NSW115,1,27,12,0,3670.872,1974
NSW116,1,21,12,0,3670.872,1974
NSW117,1,27,12,0,2143.413,1974
NSW118,1,20,12,0,0.0,1974
NSW119,1,19,10,1,0.0,1974
NSW120,1,23,12,0,5506.308,1974
NSW121,1,29,14,0,0.0,1974
NSW122,1,18,10,1,0.0,1974
NSW123,1,19,9,1,0.0,1974
NSW124,1,27,13,0,9381.566,1974
NSW125,1,18,11,1,3678.231,1974
NSW126,1,27,9,1,0.0,1974
NSW127,1,22,12,0,5605.852,1974
NSW128,1,23,10,1,0.0,1974
NSW129,1,23,12,0,9385.74,1974
NSW130,1,20,11,1,3637.498,1974
NSW131,1,17,9,1,1716.509,1974
NSW132,1,28,11,1,0.0,1974
NSW133,1,26,11,1,0.0,1974
NSW134,1,20,11,1,16318.62,1974
NSW135,1,24,11,1,824.3886,1974
NSW136,1,31,9,1,0.0,1974
NSW137,1,23,8,1,0.0,1974
NSW138,1,18,10,1,2143.411,1974
NSW139,1,29,12,0,10881.94,1974
NSW140,1,26,11,1,0.0,1974
NSW141,1,24,9,1,9154.7,1974
NSW142,1,25,12,0,14426.79,1974
NSW143,1,24,10,1,4250.402,1974
NSW144,1,46,8,1,3165.658,1974
NSW145,1,31,12,0,0.0,1974
NSW146,1,19,11,1,2305.026,1974
NSW147,1,19,8,1,0.0,1974
NSW148,1,27,11,1,2206.94,1974
NSW149,1,26,11,1,0.0,1974
NSW150,1,20,10,1,5005.731,1974
NSW151,1,28,10,1,0.0,1974
NSW152,1,24,12,0,13765.75,1974
NSW153,1,19,8,1,2636.353,1974
NSW154,1,23,12,0,6269.341,1974
NSW155,1,42,9,1,0.0,1974
NSW156,1,25,13,0,12362.93,1974
NSW157,1,18,9,1,0.0,1974
NSW158,1,21,12,0,6473.683,1974
NSW159,1,27,10,1,1001.146,1974
NSW160,1,21,8,1,989.2678,1974
NSW161,1,22,9,1,2192.877,1974
NSW162,1,31,4,1,8517.589,1974
NSW163,1,24,10,1,11703.2,1974
NSW164,1,29,10,1,0.0,1974
NSW165,1,29,12,0,9748.387,1974
NSW166,1,19,10,1,0.0,1974
NSW167,1,19,11,1,5424.485,1974
NSW168,1,31,9,1,10717.03,1974
NSW169,1,22,10,1,1468.348,1974
NSW170,1,21,9,1,6416.47,1974
NSW171,1,17,10,1,1291.468,1974
NSW172,1,26,12,0,8408.762,1974
NSW173,1,20,9,1,12260.78,1974
NSW174,1,19,10,1,4121.949,1974
NSW175,1,26,10,1,25929.68,1974
NSW176,1,28,11,1,1929.029,1974
NSW177,1,22,12,0,492.2305,1974
NSW178,1,33,11,1,0.0,1974
NSW179,1,22,12,0,6759.994,1974
NSW180,1,29,10,1,0.0,1974
NSW181,1,33,12,0,20279.95,1974
NSW182,1,25,14,0,35040.07,1974
NSW183,1,35,9,1,13602.43,1974
NSW184,1,35,8,1,13732.07,1974
NSW185,1,33,11,1,14660.71,1974
PSID1,0,30,12,0,20166.73,1974
PSID2,0,26,12,0,25862.32,1974
PSID3,0,25,16,0,25862.32,1974
PSID4,0,42,11,1,21787.05,1974
PSID5,0,25,9,1,14829.69,1974
PSID6,0,37,9,1,13685.48,1974
PSID7,0,32,12,0,19067.58,1974
PSID8,0,20,12,0,7392.314,1974
PSID9,0,38,9,1,16826.18,1974
PSID10,0,39,10,1,16767.41,1974
PSID11,0,41,5,1,10785.76,1974
PSID12,0,31,14,0,17831.29,1974
PSID13,0,34,8,1,8038.872,1974
PSID14,0,29,12,0,14768.95,1974
PSID15,0,22,14,0,748.4399,1974
PSID16,0,42,0,1,2797.833,1974
PSID17,0,25,9,1,5460.477,1974
PSID18,0,28,9,1,11091.41,1974
PSID19,0,40,13,0,3577.621,1974
PSID20,0,35,9,1,11475.43,1974
PSID21,0,27,10,1,15711.36,1974
PSID22,0,27,6,1,7831.189,1974
PSID23,0,36,12,0,25535.12,1974
PSID24,0,47,8,1,9275.169,1974
PSID25,0,40,11,1,20666.35,1974
PSID26,0,27,7,1,3064.293,1974
PSID27,0,36,9,1,13256.4,1974
PSID28,0,39,6,1,13279.91,1974
PSID29,0,21,9,1,11156.07,1974
PSID30,0,29,12,0,11199.17,1974
PSID31,0,22,13,0,6404.843,1974
PSID32,0,25,10,1,13634.54,1974
PSID33,0,27,12,0,12270.89,1974
PSID34,0,45,8,1,22415.97,1974
PSID35,0,26,12,0,2345.242,1974
PSID36,0,27,12,0,9788.497,1974
PSID37,0,33,8,1,12312.03,1974
PSID38,0,25,12,0,11381.38,1974
PSID39,0,49,8,1,6459.703,1974
PSID40,0,40,3,1,7576.485,1974
PSID41,0,22,12,0,9729.719,1974
PSID42,0,25,5,1,7891.927,1974
PSID43,0,25,12,0,11516.57,1974
PSID44,0,21,12,0,13601.23,1974
PSID45,0,33,9,1,11959.36,1974
PSID46,0,20,12,0,9555.344,1974
PSID47,0,19,11,1,4306.468,1974
PSID48,0,25,12,0,295.8493,1974
PSID49,0,29,12,0,15303.83,1974
PSID50,0,20,12,0,3558.029,1974
PSID51,0,29,6,1,8542.403,1974
PSID52,0,25,13,0,19259.59,1974
PSID53,0,41,15,0,25862.32,1974
PSID54,0,39,10,1,22745.13,1974
PSID55,0,33,12,0,10819.07,1974
PSID56,0,29,8,1,9169.369,1974
PSID57,0,21,11,1,10679.96,1974
PSID58,0,31,12,0,23652.27,1974
PSID59,0,36,12,0,11040.47,1974
PSID60,0,25,7,1,5597.625,1974
PSID61,0,35,7,1,10715.23,1974
PSID62,0,22,9,1,5683.833,1974
PSID63,0,31,2,1,3262.179,1974
PSID64,0,40,15,0,10907.24,1974
PSID65,0,47,3,1,9047.894,1974
PSID66,0,26,8,1,3168.134,1974
PSID67,0,42,7,1,10971.89,1974
PSID68,0,53,12,0,17104.4,1974
PSID69,0,30,17,0,17827.37,1974
PSID70,0,28,10,1,10415.46,1974
PSID71,0,46,11,1,14753.28,1974
PSID72,0,28,12,0,8256.35,1974
PSID73,0,27,12,0,17604.01,1974
PSID74,0,25,10,1,4335.857,1974
PSID75,0,38,8,1,11242.27,1974
PSID76,0,26,12,0,7968.338,1974
PSID77,0,54,12,0,7165.039,1974
PSID78,0,38,8,1,22606.02,1974
PSID79,0,23,17,0,0.0,1974
PSID80,0,23,8,1,3595.255,1974
PSID81,0,23,12,0,11690.95,1974
PSID82,0,25,12,0,8746.167,1974
PSID83,0,25,15,0,7386.436,1974
PSID84,0,37,11,1,615.2098,1974
PSID85,0,40,12,0,18389.68,1974
PSID86,0,19,10,1,5777.878,1974
PSID87,0,48,7,1,13326.93,1974
PSID88,0,19,12,0,8530.648,1974
PSID89,0,16,9,1,2539.21,1974
PSID90,0,29,10,1,713.1731,1974
PSID91,0,30,16,0,3093.682,1974
PSID92,0,22,11,1,8761.841,1974
PSID93,0,22,10,1,17268.98,1974
PSID94,0,47,10,1,13311.26,1974
PSID95,0,25,12,0,2266.872,1974
PSID96,0,47,10,1,21918.32,1974
PSID97,0,24,12,0,8573.752,1974
PSID98,0,20,12,0,2648.929,1974
PSID99,0,28,12,0,16722.34,1974
PSID100,0,47,11,1,8060.424,1974
PSID101,0,50,0,1,10162.72,1974
PSID102,0,18,12,0,2217.89,1974
PSID103,0,21,12,0,9665.063,1974
PSID104,0,47,11,1,23924.61,1974
PSID105,0,21,12,0,2827.222,1974
PSID106,0,34,11,1,0.0,1974
PSID107,0,19,12,0,5817.063,1974
PSID108,0,44,13,0,8032.994,1974
PSID109,0,21,15,0,6951.479,1974
PSID110,0,20,12,0,5099.971,1974
PSID111,0,51,11,1,48.98167,1974
PSID112,0,28,13,0,5260.631,1974
PSID113,0,24,15,0,12746.99,1974
PSID114,0,28,8,1,8305.332,1974
PSID115,0,20,11,1,5822.941,1974
PSID116,0,29,12,0,14288.93,1974
PSID117,0,23,12,0,14347.71,1974
PSID118,0,20,11,1,0.0,1974
PSID119,0,42,7,1,4324.102,1974
PSID120,0,43,12,0,14328.12,1974
PSID121,0,27,13,0,16406.9,1974
PSID122,0,27,4,1,626.9654,1974
PSID123,0,25,12,0,21469.65,1974
PSID124,0,18,12,0,4729.67,1974
PSID125,0,31,16,0,25862.32,1974
PSID126,0,27,12,0,4043.927,1974
PSID127,0,18,11,1,0.0,1974
PSID128,0,24,7,1,7860.578,1974
PSID129,0,23,12,0,7856.66,1974
PSID130,0,50,12,0,19929.66,1974
PSID131,0,19,12,0,99.92261,1974
PSID132,0,23,10,1,15811.28,1974
PSID133,0,51,12,0,21001.38,1974
PSID134,0,19,11,1,5607.422,1974
PSID135,0,20,10,1,3099.56,1974
PSID136,0,20,11,1,2868.367,1974
PSID137,0,21,12,0,8128.998,1974
PSID138,0,39,10,1,0.0,1974
PSID139,0,36,5,1,3814.692,1974
PSID140,0,19,9,1,1079.556,1974
PSID141,0,42,6,1,2425.572,1974
PSID142,0,20,7,1,1902.448,1974
PSID143,0,23,12,0,4954.986,1974
PSID144,0,35,12,0,1469.45,1974
PSID145,0,18,12,0,881.6701,1974
PSID146,0,43,8,1,18338.74,1974
PSID147,0,37,14,0,18501.36,1974
PSID148,0,24,10,1,4719.874,1974
PSID149,0,51,12,0,20742.76,1974
PSID150,0,22,11,1,7341.373,1974
PSID151,0,19,12,0,336.9939,1974
PSID152,0,52,0,1,773.9104,1974
PSID153,0,21,12,0,2903.633,1974
PSID154,0,24,12,0,9784.578,1974
PSID155,0,35,8,1,2241.401,1974
PSID156,0,20,13,0,0.0,1974
PSID157,0,17,7,1,1054.086,1974
PSID158,0,18,10,1,311.5234,1974
PSID159,0,28,12,0,6285.328,1974
PSID160,0,25,14,0,1622.273,1974
PSID161,0,40,12,0,13616.9,1974
PSID162,0,50,3,1,3136.786,1974
PSID163,0,48,8,1,16050.31,1974
PSID164,0,17,7,1,0.0,1974
PSID165,0,30,12,0,7347.251,1974
PSID166,0,30,7,1,574.0652,1974
PSID167,0,22,11,1,3030.986,1974
PSID168,0,27,12,0,11493.06,1974
PSID169,0,25,9,1,23377.97,1974
PSID170,0,21,14,0,80.32994,1974
PSID171,0,17,10,1,0.0,1974
PSID172,0,39,7,1,7786.126,1974
PSID173,0,18,9,1,1183.397,1974
PSID174,0,25,12,0,2721.422,1974
PSID175,0,20,8,1,2360.916,1974
PSID176,0,19,13,0,2366.794,1974
PSID177,0,19,11,1,0.0,1974
PSID178,0,22,12,0,10137.25,1974
PSID179,0,18,11,1,2068.986,1974
PSID180,0,21,10,1,1767.259,1974
PSID181,0,24,12,0,7643.1,1974
PSID182,0,18,11,1,1273.523,1974
PSID183,0,17,10,1,568.1874,1974
PSID184,0,17,10,1,0.0,1974
PSID185,0,18,10,1,0.0,1974
PSID186,0,53,10,1,7878.212,1974
PSID187,0,18,11,1,1191.234,1974
PSID188,0,17,10,1,0.0,1974
PSID189,0,26,12,0,0.0,1974
PSID190,0,39,5,1,13082.02,1974
PSID191,0,18,12,0,1579.169,1974
PSID192,0,23,13,0,601.4949,1974
PSID193,0,18,8,1,5023.56,1974
PSID194,0,28,10,1,7578.444,1974
PSID195,0,32,4,1,0.0,1974
PSID196,0,18,11,1,0.0,1974
PSID197,0,40,10,1,1543.902,1974
PSID198,0,21,14,0,8456.196,1974
PSID199,0,29,10,1,3732.403,1974
PSID200,0,31,6,1,2666.562,1974
PSID201,0,46,7,1,19171.43,1974
PSID202,0,20,9,1,0.0,1974
PSID203,0,36,18,0,3273.935,1974
PSID204,0,45,12,0,16559.72,1974
PSID205,0,16,10,1,1026.656,1974
PSID206,0,18,12,0,818.9735,1974
PSID207,0,40,12,0,11867.28,1974
PSID208,0,16,9,1,0.0,1974
PSID209,0,16,10,1,574.0652,1974
PSID210,0,28,5,1,10967.98,1974
PSID211,0,20,12,0,0.0,1974
PSID212,0,19,8,1,39.18534,1974
PSID213,0,16,8,1,0.0,1974
PSID214,0,20,11,1,2547.047,1974
PSID215,0,35,10,1,4964.782,1974
PSID216,0,32,6,1,979.6334,1974
PSID217,0,32,16,0,17135.75,1974
PSID218,0,17,9,1,0.0,1974
PSID219,0,16,7,1,0.0,1974
PSID220,0,32,15,0,489.8167,1974
PSID221,0,19,12,0,815.055,1974
PSID222,0,40,12,0,16851.65,1974
PSID223,0,50,7,1,11473.47,1974
PSID224,0,39,11,1,0.0,1974
PSID225,0,18,8,1,0.0,1974
PSID226,0,39,10,1,844.444,1974
PSID227,0,17,11,1,0.0,1974
PSID228,0,17,5,1,96.00407,1974
PSID229,0,19,12,0,2425.572,1974
PSID230,0,27,15,0,0.0,1974
PSID231,0,18,11,1,587.78,1974
PSID232,0,20,14,0,0.0,1974
PSID233,0,20,12,0,12145.49,1974
PSID234,0,19,13,0,1714.358,1974
PSID235,0,24,8,1,213.5601,1974
PSID236,0,27,12,0,4222.22,1974
PSID237,0,19,9,1,773.9104,1974
PSID238,0,52,8,1,5454.599,1974
PSID239,0,18,11,1,0.0,1974
PSID240,0,16,10,1,0.0,1974
PSID241,0,18,12,0,0.0,1974
PSID242,0,45,12,0,4473.006,1974
PSID243,0,21,14,0,9708.167,1974
PSID244,0,36,8,1,2715.544,1974
PSID245,0,21,13,0,513.3279,1974
PSID246,0,41,7,1,19573.08,1974
PSID247,0,18,7,1,491.776,1974
PSID248,0,39,9,1,11230.52,1974
PSID249,0,19,3,1,0.0,1974
PSID250,0,32,13,0,12553.02,1974
PSID251,0,16,9,1,0.0,1974
PSID252,0,16,7,1,658.3136,1974
PSID253,0,21,9,1,1030.574,1974
PSID254,0,22,12,0,12096.51,1974
PSID255,0,23,11,1,8946.012,1974
PSID256,0,17,8,1,0.0,1974
PSID257,0,21,8,1,5699.507,1974
PSID258,0,18,10,1,0.0,1974
PSID259,0,24,12,0,9051.813,1974
PSID260,0,24,12,0,4232.016,1974
PSID261,0,16,9,1,0.0,1974
PSID262,0,20,8,1,621.0876,1974
PSID263,0,42,8,1,17925.33,1974
PSID264,0,17,8,1,391.8534,1974
PSID265,0,19,8,1,368.3422,1974
PSID266,0,17,9,1,0.0,1974
PSID267,0,21,14,0,107.7597,1974
PSID268,0,16,9,1,0.0,1974
PSID269,0,23,13,0,172.4155,1974
PSID270,0,16,9,1,411.446,1974
PSID271,0,17,11,1,803.2994,1974
PSID272,0,46,7,1,1081.515,1974
PSID273,0,32,10,1,4145.809,1974
PSID274,0,18,11,1,131.2709,1974
PSID275,0,23,12,0,0.0,1974
PSID276,0,18,10,1,0.0,1974
PSID277,0,19,10,1,1056.045,1974
PSID278,0,16,7,1,133.2301,1974
PSID279,0,26,7,1,1538.024,1974
PSID280,0,16,10,1,0.0,1974
PSID281,0,17,10,1,0.0,1974
PSID282,0,17,10,1,0.0,1974
PSID283,0,23,8,1,33.30754,1974
PSID284,0,29,12,0,14641.6,1974
PSID285,0,17,10,1,0.0,1974
PSID286,0,49,8,1,14684.7,1974
PSID287,0,20,10,1,6563.544,1974
PSID288,0,40,16,0,0.0,1974
PSID289,0,19,10,1,1933.796,1974
PSID290,0,18,11,1,1481.206,1974
PSID291,0,16,6,1,0.0,1974
PSID292,0,22,8,1,105.8004,1974
PSID293,0,31,12,0,0.0,1974
PSID294,0,20,11,1,4478.884,1974
PSID295,0,17,11,1,601.4949,1974
PSID296,0,50,12,0,25862.32,1974
PSID297,0,49,14,0,25862.32,1974
PSID298,0,47,9,1,25862.32,1974
PSID299,0,34,11,1,22198.49,1974
PSID300,0,22,8,1,16961.37,1974
PSID301,0,27,12,0,15509.56,1974
PSID302,0,30,10,1,14913.94,1974
PSID303,0,52,12,0,14780.71,1974
PSID304,0,43,12,0,13321.05,1974
PSID305,0,27,9,1,12829.28,1974
PSID306,0,35,13,0,9537.711,1974
PSID307,0,45,12,0,9277.128,1974
PSID308,0,22,11,1,9049.853,1974
PSID309,0,22,12,0,9022.424,1974
PSID310,0,23,11,1,8910.745,1974
PSID311,0,55,7,1,8832.375,1974
PSID312,0,26,14,0,8411.132,1974
PSID313,0,34,12,0,8125.079,1974
PSID314,0,22,11,1,8013.401,1974
PSID315,0,31,12,0,6156.016,1974
PSID316,0,19,12,0,5797.47,1974
PSID317,0,24,10,1,5523.173,1974
PSID318,0,36,12,0,5374.269,1974
PSID319,0,20,9,1,5229.283,1974
PSID320,0,23,8,1,4610.155,1974
PSID321,0,35,11,1,3975.352,1974
PSID322,0,23,12,0,3893.063,1974
PSID323,0,29,10,1,3751.996,1974
PSID324,0,24,9,1,3438.513,1974
PSID325,0,18,10,1,3360.143,1974
PSID326,0,45,8,1,3299.405,1974
PSID327,0,21,13,0,3015.312,1974
PSID328,0,29,13,0,2780.2,1974
PSID329,0,21,15,0,2629.336,1974
PSID330,0,22,16,0,2564.68,1974
PSID331,0,24,12,0,2355.039,1974
PSID332,0,20,14,0,2210.053,1974
PSID333,0,19,6,1,1955.348,1974
PSID334,0,19,9,1,1822.118,1974
PSID335,0,19,12,0,1681.051,1974
PSID336,0,20,13,0,1657.54,1974
PSID337,0,19,12,0,1655.58,1974
PSID338,0,26,5,1,1573.291,1974
PSID339,0,26,9,1,1563.495,1974
PSID340,0,23,12,0,1504.717,1974
PSID341,0,20,9,1,1500.798,1974
PSID342,0,20,10,1,1412.631,1974
PSID343,0,36,11,1,1404.794,1974
PSID344,0,39,12,0,1289.198,1974
PSID345,0,17,9,1,1222.582,1974
PSID346,0,55,3,1,1208.868,1974
PSID347,0,28,8,1,1202.99,1974
PSID348,0,19,12,0,1058.004,1974
PSID349,0,37,7,1,963.9593,1974
PSID350,0,16,9,1,920.8554,1974
PSID351,0,17,10,1,646.558,1974
PSID352,0,24,12,0,566.2281,1974
PSID353,0,19,11,1,540.7576,1974
PSID354,0,50,5,1,411.446,1974
PSID355,0,19,9,1,384.0163,1974
PSID356,0,36,1,1,348.7495,1974
PSID357,0,18,11,1,321.3198,1974
PSID358,0,16,7,1,289.9715,1974
PSID359,0,21,11,1,246.8676,1974
PSID360,0,55,6,1,111.6782,1974
PSID361,0,37,12,0,48.98167,1974
PSID362,0,26,12,0,47.0224,1974
PSID363,0,54,12,0,0.0,1974
PSID364,0,50,12,0,0.0,1974
PSID365,0,16,8,1,0.0,1974
PSID366,0,16,9,1,0.0,1974
PSID367,0,18,10,1,0.0,1974
PSID368,0,40,11,1,0.0,1974
PSID369,0,16,8,1,0.0,1974
PSID370,0,16,9,1,0.0,1974
PSID371,0,26,14,0,0.0,1974
PSID372,0,20,9,1,0.0,1974
PSID373,0,20,12,0,0.0,1974
PSID374,0,18,11,1,0.0,1974
PSID375,0,46,11,1,0.0,1974
PSID376,0,17,8,1,0.0,1974
PSID377,0,16,9,1,0.0,1974
PSID378,0,30,10,1,0.0,1974
PSID379,0,33,12,0,0.0,1974
PSID380,0,34,12,0,0.0,1974
PSID381,0,21,13,0,0.0,1974
PSID382,0,29,11,1,0.0,1974
PSID383,0,19,12,0,0.0,1974
PSID384,0,31,4,1,0.0,1974
PSID385,0,19,12,0,0.0,1974
PSID386,0,20,12,0,0.0,1974
PSID387,0,55,4,1,0.0,1974
PSID388,0,19,11,1,0.0,1974
PSID389,0,18,11,1,0.0,1974
PSID390,0,48,13,0,0.0,1974
PSID391,0,16,9,1,0.0,1974
PSID392,0,17,10,1,0.0,1974
PSID393,0,38,12,0,0.0,1974
PSID394,0,34,8,1,0.0,1974
PSID395,0,53,12,0,0.0,1974
PSID396,0,48,14,0,0.0,1974
PSID397,0,16,9,1,0.0,1974
PSID398,0,17,8,1,0.0,1974
PSID399,0,27,14,0,0.0,1974
PSID400,0,37,8,1,0.0,1974
PSID401,0,17,10,1,0.0,1974
PSID402,0,16,8,1,0.0,1974
PSID403,0,48,12,0,0.0,1974
PSID404,0,55,7,1,0.0,1974
PSID405,0,21,15,0,0.0,1974
PSID406,0,16,10,1,0.0,1974
PSID407,0,23,12,0,0.0,1974
PSID408,0,46,11,1,0.0,1974
PSID409,0,17,10,1,0.0,1974
PSID410,0,42,16,0,0.0,1974
PSID411,0,18,10,1,0.0,1974
PSID412,0,53,12,0,0.0,1974
PSID413,0,17,10,1,0.0,1974
PSID414,0,17,6,1,0.0,1974
PSID415,0,43,6,1,0.0,1974
PSID416,0,34,12,0,0.0,1974
PSID417,0,16,8,1,0.0,1974
PSID418,0,27,12,0,0.0,1974
PSID419,0,51,4,1,0.0,1974
PSID420,0,39,2,1,0.0,1974
PSID421,0,55,8,1,0.0,1974
PSID422,0,16,9,1,0.0,1974
PSID423,0,27,10,1,0.0,1974
PSID424,0,25,14,0,0.0,1974
PSID425,0,18,11,1,0.0,1974
PSID426,0,24,1,1,0.0,1974
PSID427,0,21,18,0,0.0,1974
PSID428,0,32,5,1,0.0,1974
PSID429,0,16,9,1,0.0,1974
NSW1,1,37,11,1,0.0,1975
NSW2,1,22,9,1,0.0,1975
NSW3,1,30,12,0,0.0,1975
NSW4,1,27,11,1,0.0,1975
NSW5,1,33,8,1,0.0,1975
NSW6,1,22,9,1,0.0,1975
NSW7,1,23,12,0,0.0,1975
NSW8,1,32,11,1,0.0,1975
NSW9,1,22,16,0,0.0,1975
NSW10,1,33,12,0,0.0,1975
NSW11,1,19,9,1,0.0,1975
NSW12,1,21,13,0,0.0,1975
NSW13,1,18,8,1,0.0,1975
NSW14,1,27,10,1,0.0,1975
NSW15,1,17,7,1,0.0,1975
NSW16,1,19,10,1,0.0,1975
NSW17,1,27,13,0,0.0,1975
NSW18,1,23,10,1,0.0,1975
NSW19,1,40,12,0,0.0,1975
NSW20,1,26,12,0,0.0,1975
NSW21,1,23,11,1,0.0,1975
NSW22,1,41,14,0,0.0,1975
NSW23,1,38,9,1,0.0,1975
NSW24,1,24,11,1,0.0,1975
NSW25,1,18,10,1,0.0,1975
NSW26,1,29,11,1,0.0,1975
NSW27,1,25,11,1,0.0,1975
NSW28,1,27,10,1,0.0,1975
NSW29,1,17,10,1,0.0,1975
NSW30,1,24,11,1,0.0,1975
NSW31,1,17,10,1,0.0,1975
NSW32,1,48,4,1,0.0,1975
NSW33,1,25,11,1,0.0,1975
NSW34,1,20,12,0,0.0,1975
NSW35,1,25,12,0,0.0,1975
NSW36,1,42,14,0,0.0,1975
NSW37,1,25,5,1,0.0,1975
NSW38,1,23,12,0,0.0,1975
NSW39,1,46,8,1,0.0,1975
NSW40,1,24,10,1,0.0,1975
NSW41,1,21,12,0,0.0,1975
NSW42,1,19,9,1,0.0,1975
NSW43,1,17,8,1,0.0,1975
NSW44,1,18,8,1,0.0,1975
NSW45,1,20,11,1,0.0,1975
NSW46,1,25,11,1,0.0,1975
NSW47,1,17,8,1,0.0,1975
NSW48,1,17,9,1,0.0,1975
NSW49,1,25,5,1,0.0,1975
NSW50,1,23,12,0,0.0,1975
NSW51,1,28,8,1,0.0,1975
NSW52,1,31,11,1,0.0,1975
NSW53,1,18,11,1,0.0,1975
NSW54,1,25,12,0,0.0,1975
NSW55,1,30,11,1,0.0,1975
NSW56,1,17,10,1,0.0,1975
NSW57,1,37,9,1,0.0,1975
NSW58,1,41,4,1,0.0,1975
NSW59,1,42,14,0,0.0,1975
NSW60,1,22,11,1,0.0,1975
NSW61,1,17,8,1,0.0,1975
NSW62,1,29,8,1,0.0,1975
NSW63,1,35,10,1,0.0,1975
NSW64,1,27,11,1,0.0,1975
NSW65,1,29,4,1,0.0,1975
NSW66,1,28,9,1,0.0,1975
NSW67,1,27,11,1,0.0,1975
NSW68,1,23,7,1,0.0,1975
NSW69,1,45,5,1,0.0,1975
NSW70,1,29,13,0,0.0,1975
NSW71,1,27,9,1,0.0,1975
NSW72,1,46,13,0,0.0,1975
NSW73,1,18,6,1,0.0,1975
NSW74,1,25,12,0,0.0,1975
NSW75,1,28,15,0,0.0,1975
NSW76,1,25,11,1,0.0,1975
NSW77,1,22,12,0,0.0,1975
NSW78,1,21,9,1,0.0,1975
NSW79,1,40,11,1,0.0,1975
NSW80,1,22,11,1,0.0,1975
NSW81,1,25,12,0,0.0,1975
NSW82,1,18,12,0,0.0,1975
NSW83,1,38,12,0,0.0,1975
NSW84,1,27,13,0,0.0,1975
NSW85,1,27,8,1,0.0,1975
NSW86,1,38,11,1,0.0,1975
NSW87,1,23,8,1,0.0,1975
NSW88,1,26,11,1,0.0,1975
NSW89,1,21,12,0,0.0,1975
NSW90,1,25,8,1,0.0,1975
NSW91,1,31,11,1,0.0,1975
NSW92,1,17,10,1,0.0,1975
NSW93,1,25,11,1,0.0,1975
NSW94,1,21,12,0,0.0,1975
NSW95,1,44,11,1,0.0,1975
NSW96,1,25,12,0,0.0,1975
NSW97,1,18,9,1,0.0,1975
NSW98,1,42,12,0,0.0,1975
NSW99,1,25,10,1,0.0,1975
NSW100,1,31,9,1,0.0,1975
NSW101,1,24,10,1,0.0,1975
NSW102,1,26,10,1,0.0,1975
NSW103,1,25,11,1,0.0,1975
NSW104,1,18,11,1,0.0,1975
NSW105,1,19,11,1,0.0,1975
NSW106,1,43,9,1,0.0,1975
NSW107,1,27,13,0,0.0,1975
NSW108,1,17,9,1,0.0,1975
NSW109,1,30,11,1,0.0,1975
NSW110,1,26,10,1,0.0,1975
NSW111,1,20,9,1,0.0,1975
NSW112,1,17,9,1,74.34345,1975
NSW113,1,20,12,0,165.2077,1975
NSW114,1,18,11,1,214.5636,1975
NSW115,1,27,12,0,334.0493,1975
NSW116,1,21,12,0,334.0494,1975
NSW117,1,27,12,0,357.9499,1975
NSW118,1,20,12,0,377.5686,1975
NSW119,1,19,10,1,385.2741,1975
NSW120,1,23,12,0,501.0741,1975
NSW121,1,29,14,0,679.6734,1975
NSW122,1,18,10,1,798.9079,1975
NSW123,1,19,9,1,798.9079,1975
NSW124,1,27,13,0,853.7225,1975
NSW125,1,18,11,1,919.5579,1975
NSW126,1,27,9,1,934.4454,1975
NSW127,1,22,12,0,936.1773,1975
NSW128,1,23,10,1,936.4386,1975
NSW129,1,23,12,0,1117.439,1975
NSW130,1,20,11,1,1220.836,1975
NSW131,1,17,9,1,1253.439,1975
NSW132,1,28,11,1,1284.079,1975
NSW133,1,26,11,1,1392.853,1975
NSW134,1,20,11,1,1484.994,1975
NSW135,1,24,11,1,1666.113,1975
NSW136,1,31,9,1,1698.607,1975
NSW137,1,23,8,1,1713.15,1975
NSW138,1,18,10,1,1784.274,1975
NSW139,1,29,12,0,1817.284,1975
NSW140,1,26,11,1,2226.266,1975
NSW141,1,24,9,1,2288.675,1975
NSW142,1,25,12,0,2409.274,1975
NSW143,1,24,10,1,2421.947,1975
NSW144,1,46,8,1,2594.723,1975
NSW145,1,31,12,0,2611.218,1975
NSW146,1,19,11,1,2615.276,1975
NSW147,1,19,8,1,2657.057,1975
NSW148,1,27,11,1,2666.274,1975
NSW149,1,26,11,1,2754.646,1975
NSW150,1,20,10,1,2777.355,1975
NSW151,1,28,10,1,2836.506,1975
NSW152,1,24,12,0,2842.764,1975
NSW153,1,19,8,1,2937.264,1975
NSW154,1,23,12,0,3039.96,1975
NSW155,1,42,9,1,3058.531,1975
NSW156,1,25,13,0,3090.732,1975
NSW157,1,18,9,1,3287.375,1975
NSW158,1,21,12,0,3332.409,1975
NSW159,1,27,10,1,3550.075,1975
NSW160,1,21,8,1,3695.897,1975
NSW161,1,22,9,1,3836.986,1975
NSW162,1,31,4,1,4023.211,1975
NSW163,1,24,10,1,4078.152,1975
NSW164,1,29,10,1,4398.95,1975
NSW165,1,29,12,0,4878.937,1975
NSW166,1,19,10,1,5324.109,1975
NSW167,1,19,11,1,5463.803,1975
NSW168,1,31,9,1,5517.841,1975
NSW169,1,22,10,1,5588.664,1975
NSW170,1,21,9,1,5749.331,1975
NSW171,1,17,10,1,5793.852,1975
NSW172,1,26,12,0,5794.831,1975
NSW173,1,20,9,1,5875.049,1975
NSW174,1,19,10,1,6056.754,1975
NSW175,1,26,10,1,6788.958,1975
NSW176,1,28,11,1,6871.856,1975
NSW177,1,22,12,0,7055.702,1975
NSW178,1,33,11,1,7867.916,1975
NSW179,1,22,12,0,8455.504,1975
NSW180,1,29,10,1,8853.674,1975
NSW181,1,33,12,0,10941.35,1975
NSW182,1,25,14,0,11536.57,1975
NSW183,1,35,9,1,13830.64,1975
NSW184,1,35,8,1,17976.15,1975
NSW185,1,33,11,1,25142.24,1975
PSID1,0,30,12,0,18347.23,1975
PSID2,0,26,12,0,17806.55,1975
PSID3,0,25,16,0,15316.21,1975
PSID4,0,42,11,1,14265.29,1975
PSID5,0,25,9,1,13776.53,1975
PSID6,0,37,9,1,12756.05,1975
PSID7,0,32,12,0,12625.35,1975
PSID8,0,20,12,0,12396.19,1975
PSID9,0,38,9,1,12029.18,1975
PSID10,0,39,10,1,12022.02,1975
PSID11,0,41,5,1,11991.58,1975
PSID12,0,31,14,0,11563.69,1975
PSID13,0,34,8,1,11404.35,1975
PSID14,0,29,12,0,11146.55,1975
PSID15,0,22,14,0,11105.37,1975
PSID16,0,42,0,1,10929.92,1975
PSID17,0,25,9,1,10589.76,1975
PSID18,0,28,9,1,10357.02,1975
PSID19,0,40,13,0,10301.52,1975
PSID20,0,35,9,1,9397.403,1975
PSID21,0,27,10,1,9098.419,1975
PSID22,0,27,6,1,9071.565,1975
PSID23,0,36,12,0,8695.597,1975
PSID24,0,47,8,1,8543.419,1975
PSID25,0,40,11,1,8502.242,1975
PSID26,0,27,7,1,8461.065,1975
PSID27,0,36,9,1,8457.484,1975
PSID28,0,39,6,1,8441.371,1975
PSID29,0,21,9,1,8441.371,1975
PSID30,0,29,12,0,8081.516,1975
PSID31,0,22,13,0,7882.79,1975
PSID32,0,25,10,1,7793.274,1975
PSID33,0,27,12,0,7709.129,1975
PSID34,0,45,8,1,7635.726,1975
PSID35,0,26,12,0,7565.903,1975
PSID36,0,27,12,0,7496.081,1975
PSID37,0,33,8,1,7474.597,1975
PSID38,0,25,12,0,7467.435,1975
PSID39,0,49,8,1,7431.629,1975
PSID40,0,40,3,1,7426.258,1975
PSID41,0,22,12,0,7372.548,1975
PSID42,0,25,5,1,7293.774,1975
PSID43,0,25,12,0,7263.339,1975
PSID44,0,21,12,0,7202.468,1975
PSID45,0,33,9,1,7087.887,1975
PSID46,0,20,12,0,7055.661,1975
PSID47,0,19,11,1,6978.677,1975
PSID48,0,25,12,0,6942.871,1975
PSID49,0,29,12,0,6932.129,1975
PSID50,0,20,12,0,6797.855,1975
PSID51,0,29,6,1,6701.177,1975
PSID52,0,25,13,0,6652.839,1975
PSID53,0,41,15,0,6563.323,1975
PSID54,0,39,10,1,6493.5,1975
PSID55,0,33,12,0,6369.968,1975
PSID56,0,29,8,1,6352.065,1975
PSID57,0,21,11,1,6276.871,1975
PSID58,0,31,12,0,6228.532,1975
PSID59,0,36,12,0,6221.371,1975
PSID60,0,25,7,1,6099.629,1975
PSID61,0,35,7,1,6087.097,1975
PSID62,0,22,9,1,6038.758,1975
PSID63,0,31,2,1,5965.355,1975
PSID64,0,40,15,0,5922.387,1975
PSID65,0,47,3,1,5911.645,1975
PSID66,0,26,8,1,5872.258,1975
PSID67,0,42,7,1,5806.016,1975
PSID68,0,53,12,0,5775.581,1975
PSID69,0,30,17,0,5546.419,1975
PSID70,0,28,10,1,5544.629,1975
PSID71,0,46,11,1,5299.355,1975
PSID72,0,28,12,0,5279.661,1975
PSID73,0,27,12,0,5222.371,1975
PSID74,0,25,10,1,5181.194,1975
PSID75,0,38,8,1,5174.032,1975
PSID76,0,26,12,0,5109.581,1975
PSID77,0,54,12,0,5012.903,1975
PSID78,0,38,8,1,4978.887,1975
PSID79,0,23,17,0,4876.839,1975
PSID80,0,23,8,1,4866.097,1975
PSID81,0,23,12,0,4764.048,1975
PSID82,0,25,12,0,4762.258,1975
PSID83,0,25,15,0,4738.984,1975
PSID84,0,37,11,1,4713.919,1975
PSID85,0,40,12,0,4688.855,1975
PSID86,0,19,10,1,4672.742,1975
PSID87,0,48,7,1,4636.935,1975
PSID88,0,19,12,0,4620.823,1975
PSID89,0,16,9,1,4579.645,1975
PSID90,0,29,10,1,4542.048,1975
PSID91,0,30,16,0,4468.645,1975
PSID92,0,22,11,1,4463.274,1975
PSID93,0,22,10,1,4400.613,1975
PSID94,0,47,10,1,4397.032,1975
PSID95,0,25,12,0,4361.226,1975
PSID96,0,47,10,1,4323.629,1975
PSID97,0,24,12,0,4293.194,1975
PSID98,0,20,12,0,4273.5,1975
PSID99,0,28,12,0,4253.806,1975
PSID100,0,47,11,1,4232.323,1975
PSID101,0,50,0,1,4218.0,1975
PSID102,0,18,12,0,4191.145,1975
PSID103,0,21,12,0,4110.581,1975
PSID104,0,47,11,1,4096.258,1975
PSID105,0,21,12,0,4056.871,1975
PSID106,0,34,11,1,4010.323,1975
PSID107,0,19,12,0,3919.016,1975
PSID108,0,44,13,0,3881.419,1975
PSID109,0,21,15,0,3879.629,1975
PSID110,0,20,12,0,3842.032,1975
PSID111,0,51,11,1,3813.387,1975
PSID112,0,28,13,0,3790.113,1975
PSID113,0,24,15,0,3743.565,1975
PSID114,0,28,8,1,3718.5,1975
PSID115,0,20,11,1,3532.306,1975
PSID116,0,29,12,0,3503.661,1975
PSID117,0,23,12,0,3482.177,1975
PSID118,0,20,11,1,3480.387,1975
PSID119,0,42,7,1,3457.113,1975
PSID120,0,43,12,0,3453.532,1975
PSID121,0,27,13,0,3426.677,1975
PSID122,0,27,4,1,3410.565,1975
PSID123,0,25,12,0,3405.194,1975
PSID124,0,18,12,0,3328.21,1975
PSID125,0,31,16,0,3254.806,1975
PSID126,0,27,12,0,3231.532,1975
PSID127,0,18,11,1,3226.161,1975
PSID128,0,24,7,1,3213.629,1975
PSID129,0,23,12,0,3213.629,1975
PSID130,0,50,12,0,3190.355,1975
PSID131,0,19,12,0,3172.452,1975
PSID132,0,23,10,1,3145.597,1975
PSID133,0,51,12,0,3140.226,1975
PSID134,0,19,11,1,3054.29,1975
PSID135,0,20,10,1,2970.145,1975
PSID136,0,20,11,1,2968.355,1975
PSID137,0,21,12,0,2939.71,1975
PSID138,0,39,10,1,2886.0,1975
PSID139,0,36,5,1,2873.468,1975
PSID140,0,19,9,1,2873.468,1975
PSID141,0,42,6,1,2832.29,1975
PSID142,0,20,7,1,2792.903,1975
PSID143,0,23,12,0,2771.419,1975
PSID144,0,35,12,0,2719.5,1975
PSID145,0,18,12,0,2696.226,1975
PSID146,0,43,8,1,2674.742,1975
PSID147,0,37,14,0,2638.935,1975
PSID148,0,24,10,1,2565.532,1975
PSID149,0,51,12,0,2538.677,1975
PSID150,0,22,11,1,2535.097,1975
PSID151,0,19,12,0,2518.984,1975
PSID152,0,52,0,1,2506.452,1975
PSID153,0,21,12,0,2456.323,1975
PSID154,0,24,12,0,2413.355,1975
PSID155,0,35,8,1,2399.032,1975
PSID156,0,20,13,0,2352.484,1975
PSID157,0,17,7,1,2286.242,1975
PSID158,0,18,10,1,2284.452,1975
PSID159,0,28,12,0,2255.806,1975
PSID160,0,25,14,0,2239.694,1975
PSID161,0,40,12,0,2228.952,1975
PSID162,0,50,3,1,2203.887,1975
PSID163,0,48,8,1,2116.161,1975
PSID164,0,17,7,1,2082.145,1975
PSID165,0,30,12,0,2080.355,1975
PSID166,0,30,7,1,2010.532,1975
PSID167,0,22,11,1,1976.516,1975
PSID168,0,27,12,0,1906.694,1975
PSID169,0,25,9,1,1901.323,1975
PSID170,0,21,14,0,1890.581,1975
PSID171,0,17,10,1,1888.79,1975
PSID172,0,39,7,1,1844.032,1975
PSID173,0,18,9,1,1822.548,1975
PSID174,0,25,12,0,1754.516,1975
PSID175,0,20,8,1,1741.984,1975
PSID176,0,19,13,0,1709.758,1975
PSID177,0,19,11,1,1693.645,1975
PSID178,0,22,12,0,1679.323,1975
PSID179,0,18,11,1,1623.823,1975
PSID180,0,21,10,1,1555.79,1975
PSID181,0,24,12,0,1546.839,1975
PSID182,0,18,11,1,1532.516,1975
PSID183,0,17,10,1,1525.355,1975
PSID184,0,17,10,1,1503.871,1975
PSID185,0,18,10,1,1491.339,1975
PSID186,0,53,10,1,1489.548,1975
PSID187,0,18,11,1,1478.806,1975
PSID188,0,17,10,1,1453.742,1975
PSID189,0,26,12,0,1448.371,1975
PSID190,0,39,5,1,1434.048,1975
PSID191,0,18,12,0,1408.984,1975
PSID192,0,23,13,0,1394.661,1975
PSID193,0,18,8,1,1391.081,1975
PSID194,0,28,10,1,1383.919,1975
PSID195,0,32,4,1,1378.548,1975
PSID196,0,18,11,1,1367.806,1975
PSID197,0,40,10,1,1342.742,1975
PSID198,0,21,14,0,1330.21,1975
PSID199,0,29,10,1,1323.048,1975
PSID200,0,31,6,1,1321.258,1975
PSID201,0,46,7,1,1317.677,1975
PSID202,0,20,9,1,1283.661,1975
PSID203,0,36,18,0,1269.339,1975
PSID204,0,45,12,0,1265.758,1975
PSID205,0,16,10,1,1224.581,1975
PSID206,0,18,12,0,1208.468,1975
PSID207,0,40,12,0,1195.935,1975
PSID208,0,16,9,1,1188.774,1975
PSID209,0,16,10,1,1181.613,1975
PSID210,0,28,5,1,1178.032,1975
PSID211,0,20,12,0,1147.597,1975
PSID212,0,19,8,1,1136.855,1975
PSID213,0,16,8,1,1113.581,1975
PSID214,0,20,11,1,1099.258,1975
PSID215,0,35,10,1,1086.726,1975
PSID216,0,32,6,1,1036.597,1975
PSID217,0,32,16,0,1031.226,1975
PSID218,0,17,9,1,981.0968,1975
PSID219,0,16,7,1,975.7258,1975
PSID220,0,32,15,0,968.5645,1975
PSID221,0,19,12,0,964.9839,1975
PSID222,0,40,12,0,961.4032,1975
PSID223,0,50,7,1,956.0323,1975
PSID224,0,39,11,1,930.9677,1975
PSID225,0,18,8,1,902.3226,1975
PSID226,0,39,10,1,889.7903,1975
PSID227,0,17,11,1,873.6774,1975
PSID228,0,17,5,1,868.3065,1975
PSID229,0,19,12,0,861.1452,1975
PSID230,0,27,15,0,857.5645,1975
PSID231,0,18,11,1,841.4516,1975
PSID232,0,20,14,0,805.6452,1975
PSID233,0,20,12,0,791.3226,1975
PSID234,0,19,13,0,785.9516,1975
PSID235,0,24,8,1,760.8871,1975
PSID236,0,27,12,0,751.9355,1975
PSID237,0,19,9,1,676.7419,1975
PSID238,0,52,8,1,666.0,1975
PSID239,0,18,11,1,630.1935,1975
PSID240,0,16,10,1,630.1935,1975
PSID241,0,18,12,0,630.1935,1975
PSID242,0,45,12,0,608.7097,1975
PSID243,0,21,14,0,594.3871,1975
PSID244,0,36,8,1,585.4355,1975
PSID245,0,21,13,0,578.2742,1975
PSID246,0,41,7,1,565.7419,1975
PSID247,0,18,7,1,558.5806,1975
PSID248,0,39,9,1,537.0968,1975
PSID249,0,19,3,1,537.0968,1975
PSID250,0,32,13,0,524.5645,1975
PSID251,0,16,9,1,485.1774,1975
PSID252,0,16,7,1,479.8065,1975
PSID253,0,21,9,1,470.8548,1975
PSID254,0,22,12,0,469.0645,1975
PSID255,0,23,11,1,469.0645,1975
PSID256,0,17,8,1,451.1613,1975
PSID257,0,21,8,1,388.5,1975
PSID258,0,18,10,1,386.7097,1975
PSID259,0,24,12,0,327.629,1975
PSID260,0,24,12,0,320.4677,1975
PSID261,0,16,9,1,320.4677,1975
PSID262,0,20,8,1,306.1452,1975
PSID263,0,42,8,1,300.7742,1975
PSID264,0,17,8,1,300.7742,1975
PSID265,0,19,8,1,300.7742,1975
PSID266,0,17,9,1,297.1935,1975
PSID267,0,21,14,0,293.6129,1975
PSID268,0,16,9,1,277.5,1975
PSID269,0,23,13,0,272.129,1975
PSID270,0,16,9,1,254.2258,1975
PSID271,0,17,11,1,248.8548,1975
PSID272,0,46,7,1,245.2742,1975
PSID273,0,32,10,1,238.1129,1975
PSID274,0,18,11,1,218.4194,1975
PSID275,0,23,12,0,216.629,1975
PSID276,0,18,10,1,211.2581,1975
PSID277,0,19,10,1,205.8871,1975
PSID278,0,16,7,1,205.8871,1975
PSID279,0,26,7,1,189.7742,1975
PSID280,0,16,10,1,189.7742,1975
PSID281,0,17,10,1,182.6129,1975
PSID282,0,17,10,1,171.871,1975
PSID283,0,23,8,1,166.5,1975
PSID284,0,29,12,0,162.9194,1975
PSID285,0,17,10,1,152.1774,1975
PSID286,0,49,8,1,136.0645,1975
PSID287,0,20,10,1,134.2742,1975
PSID288,0,40,16,0,114.5806,1975
PSID289,0,19,10,1,112.7903,1975
PSID290,0,18,11,1,57.29032,1975
PSID291,0,16,6,1,44.75806,1975
PSID292,0,22,8,1,42.96774,1975
PSID293,0,31,12,0,42.96774,1975
PSID294,0,20,11,1,39.3871,1975
PSID295,0,17,11,1,10.74194,1975
PSID296,0,50,12,0,0.0,1975
PSID297,0,49,14,0,0.0,1975
PSID298,0,47,9,1,0.0,1975
PSID299,0,34,11,1,0.0,1975
PSID300,0,22,8,1,0.0,1975
PSID301,0,27,12,0,0.0,1975
PSID302,0,30,10,1,0.0,1975
PSID303,0,52,12,0,0.0,1975
PSID304,0,43,12,0,0.0,1975
PSID305,0,27,9,1,0.0,1975
PSID306,0,35,13,0,0.0,1975
PSID307,0,45,12,0,0.0,1975
PSID308,0,22,11,1,0.0,1975
PSID309,0,22,12,0,0.0,1975
PSID310,0,23,11,1,0.0,1975
PSID311,0,55,7,1,0.0,1975
PSID312,0,26,14,0,0.0,1975
PSID313,0,34,12,0,0.0,1975
PSID314,0,22,11,1,0.0,1975
PSID315,0,31,12,0,0.0,1975
PSID316,0,19,12,0,0.0,1975
PSID317,0,24,10,1,0.0,1975
PSID318,0,36,12,0,0.0,1975
PSID319,0,20,9,1,0.0,1975
PSID320,0,23,8,1,0.0,1975
PSID321,0,35,11,1,0.0,1975
PSID322,0,23,12,0,0.0,1975
PSID323,0,29,10,1,0.0,1975
PSID324,0,24,9,1,0.0,1975
PSID325,0,18,10,1,0.0,1975
PSID326,0,45,8,1,0.0,1975
PSID327,0,21,13,0,0.0,1975
PSID328,0,29,13,0,0.0,1975
PSID329,0,21,15,0,0.0,1975
PSID330,0,22,16,0,0.0,1975
PSID331,0,24,12,0,0.0,1975
PSID332,0,20,14,0,0.0,1975
PSID333,0,19,6,1,0.0,1975
PSID334,0,19,9,1,0.0,1975
PSID335,0,19,12,0,0.0,1975
PSID336,0,20,13,0,0.0,1975
PSID337,0,19,12,0,0.0,1975
PSID338,0,26,5,1,0.0,1975
PSID339,0,26,9,1,0.0,1975
PSID340,0,23,12,0,0.0,1975
PSID341,0,20,9,1,0.0,1975
PSID342,0,20,10,1,0.0,1975
PSID343,0,36,11,1,0.0,1975
PSID344,0,39,12,0,0.0,1975
PSID345,0,17,9,1,0.0,1975
PSID346,0,55,3,1,0.0,1975
PSID347,0,28,8,1,0.0,1975
PSID348,0,19,12,0,0.0,1975
PSID349,0,37,7,1,0.0,1975
PSID350,0,16,9,1,0.0,1975
PSID351,0,17,10,1,0.0,1975
PSID352,0,24,12,0,0.0,1975
PSID353,0,19,11,1,0.0,1975
PSID354,0,50,5,1,0.0,1975
PSID355,0,19,9,1,0.0,1975
PSID356,0,36,1,1,0.0,1975
PSID357,0,18,11,1,0.0,1975
PSID358,0,16,7,1,0.0,1975
PSID359,0,21,11,1,0.0,1975
PSID360,0,55,6,1,0.0,1975
PSID361,0,37,12,0,0.0,1975
PSID362,0,26,12,0,0.0,1975
PSID363,0,54,12,0,0.0,1975
PSID364,0,50,12,0,0.0,1975
PSID365,0,16,8,1,0.0,1975
PSID366,0,16,9,1,0.0,1975
PSID367,0,18,10,1,0.0,1975
PSID368,0,40,11,1,0.0,1975
PSID369,0,16,8,1,0.0,1975
PSID370,0,16,9,1,0.0,1975
PSID371,0,26,14,0,0.0,1975
PSID372,0,20,9,1,0.0,1975
PSID373,0,20,12,0,0.0,1975
PSID374,0,18,11,1,0.0,1975
PSID375,0,46,11,1,0.0,1975
PSID376,0,17,8,1,0.0,1975
PSID377,0,16,9,1,0.0,1975
PSID378,0,30,10,1,0.0,1975
PSID379,0,33,12,0,0.0,1975
PSID380,0,34,12,0,0.0,1975
PSID381,0,21,13,0,0.0,1975
PSID382,0,29,11,1,0.0,1975
PSID383,0,19,12,0,0.0,1975
PSID384,0,31,4,1,0.0,1975
PSID385,0,19,12,0,0.0,1975
PSID386,0,20,12,0,0.0,1975
PSID387,0,55,4,1,0.0,1975
PSID388,0,19,11,1,0.0,1975
PSID389,0,18,11,1,0.0,1975
PSID390,0,48,13,0,0.0,1975
PSID391,0,16,9,1,0.0,1975
PSID392,0,17,10,1,0.0,1975
PSID393,0,38,12,0,0.0,1975
PSID394,0,34,8,1,0.0,1975
PSID395,0,53,12,0,0.0,1975
PSID396,0,48,14,0,0.0,1975
PSID397,0,16,9,1,0.0,1975
PSID398,0,17,8,1,0.0,1975
PSID399,0,27,14,0,0.0,1975
PSID400,0,37,8,1,0.0,1975
PSID401,0,17,10,1,0.0,1975
PSID402,0,16,8,1,0.0,1975
PSID403,0,48,12,0,0.0,1975
PSID404,0,55,7,1,0.0,1975
PSID405,0,21,15,0,0.0,1975
PSID406,0,16,10,1,0.0,1975
PSID407,0,23,12,0,0.0,1975
PSID408,0,46,11,1,0.0,1975
PSID409,0,17,10,1,0.0,1975
PSID410,0,42,16,0,0.0,1975
PSID411,0,18,10,1,0.0,1975
PSID412,0,53,12,0,0.0,1975
PSID413,0,17,10,1,0.0,1975
PSID414,0,17,6,1,0.0,1975
PSID415,0,43,6,1,0.0,1975
PSID416,0,34,12,0,0.0,1975
PSID417,0,16,8,1,0.0,1975
PSID418,0,27,12,0,0.0,1975
PSID419,0,51,4,1,0.0,1975
PSID420,0,39,2,1,0.0,1975
PSID421,0,55,8,1,0.0,1975
PSID422,0,16,9,1,0.0,1975
PSID423,0,27,10,1,0.0,1975
PSID424,0,25,14,0,0.0,1975
PSID425,0,18,11,1,0.0,1975
PSID426,0,24,1,1,0.0,1975
PSID427,0,21,18,0,0.0,1975
PSID428,0,32,5,1,0.0,1975
PSID429,0,16,9,1,0.0,1975
NSW1,1,37,11,1,9930.046,1978
NSW2,1,22,9,1,3595.894,1978
NSW3,1,30,12,0,24909.45,1978
NSW4,1,27,11,1,7506.146,1978
NSW5,1,33,8,1,289.7899,1978
NSW6,1,22,9,1,4056.494,1978
NSW7,1,23,12,0,0.0,1978
NSW8,1,32,11,1,8472.158,1978
NSW9,1,22,16,0,2164.022,1978
NSW10,1,33,12,0,12418.07,1978
NSW11,1,19,9,1,8173.908,1978
NSW12,1,21,13,0,17094.64,1978
NSW13,1,18,8,1,0.0,1978
NSW14,1,27,10,1,18739.93,1978
NSW15,1,17,7,1,3023.879,1978
NSW16,1,19,10,1,3228.503,1978
NSW17,1,27,13,0,14581.86,1978
NSW18,1,23,10,1,7693.4,1978
NSW19,1,40,12,0,10804.32,1978
NSW20,1,26,12,0,10747.35,1978
NSW21,1,23,11,1,0.0,1978
NSW22,1,41,14,0,5149.501,1978
NSW23,1,38,9,1,6408.95,1978
NSW24,1,24,11,1,1991.4,1978
NSW25,1,18,10,1,11163.17,1978
NSW26,1,29,11,1,9642.999,1978
NSW27,1,25,11,1,9897.049,1978
NSW28,1,27,10,1,11142.87,1978
NSW29,1,17,10,1,16218.04,1978
NSW30,1,24,11,1,995.7002,1978
NSW31,1,17,10,1,0.0,1978
NSW32,1,48,4,1,6551.592,1978
NSW33,1,25,11,1,1574.424,1978
NSW34,1,20,12,0,0.0,1978
NSW35,1,25,12,0,3191.753,1978
NSW36,1,42,14,0,20505.93,1978
NSW37,1,25,5,1,6181.88,1978
NSW38,1,23,12,0,5911.551,1978
NSW39,1,46,8,1,3094.156,1978
NSW40,1,24,10,1,0.0,1978
NSW41,1,21,12,0,1254.582,1978
NSW42,1,19,9,1,13188.83,1978
NSW43,1,17,8,1,8061.485,1978
NSW44,1,18,8,1,2787.96,1978
NSW45,1,20,11,1,3972.54,1978
NSW46,1,25,11,1,0.0,1978
NSW47,1,17,8,1,0.0,1978
NSW48,1,17,9,1,0.0,1978
NSW49,1,25,5,1,12187.41,1978
NSW50,1,23,12,0,4843.176,1978
NSW51,1,28,8,1,0.0,1978
NSW52,1,31,11,1,8087.487,1978
NSW53,1,18,11,1,0.0,1978
NSW54,1,25,12,0,2348.973,1978
NSW55,1,30,11,1,590.7818,1978
NSW56,1,17,10,1,0.0,1978
NSW57,1,37,9,1,1067.506,1978
NSW58,1,41,4,1,7284.986,1978
NSW59,1,42,14,0,13167.52,1978
NSW60,1,22,11,1,1048.432,1978
NSW61,1,17,8,1,0.0,1978
NSW62,1,29,8,1,1923.938,1978
NSW63,1,35,10,1,4666.236,1978
NSW64,1,27,11,1,549.2984,1978
NSW65,1,29,4,1,762.9146,1978
NSW66,1,28,9,1,10694.29,1978
NSW67,1,27,11,1,0.0,1978
NSW68,1,23,7,1,0.0,1978
NSW69,1,45,5,1,8546.715,1978
NSW70,1,29,13,0,7479.656,1978
NSW71,1,27,9,1,0.0,1978
NSW72,1,46,13,0,647.2046,1978
NSW73,1,18,6,1,0.0,1978
NSW74,1,25,12,0,11965.81,1978
NSW75,1,28,15,0,9598.541,1978
NSW76,1,25,11,1,18783.35,1978
NSW77,1,22,12,0,18678.08,1978
NSW78,1,21,9,1,0.0,1978
NSW79,1,40,11,1,23005.6,1978
NSW80,1,22,11,1,6456.697,1978
NSW81,1,25,12,0,0.0,1978
NSW82,1,18,12,0,2321.107,1978
NSW83,1,38,12,0,4941.849,1978
NSW84,1,27,13,0,0.0,1978
NSW85,1,27,8,1,0.0,1978
NSW86,1,38,11,1,0.0,1978
NSW87,1,23,8,1,3881.284,1978
NSW88,1,26,11,1,17230.96,1978
NSW89,1,21,12,0,8048.603,1978
NSW90,1,25,8,1,0.0,1978
NSW91,1,31,11,1,14509.93,1978
NSW92,1,17,10,1,0.0,1978
NSW93,1,25,11,1,0.0,1978
NSW94,1,21,12,0,9983.784,1978
NSW95,1,44,11,1,0.0,1978
NSW96,1,25,12,0,5587.503,1978
NSW97,1,18,9,1,4482.845,1978
NSW98,1,42,12,0,2456.153,1978
NSW99,1,25,10,1,0.0,1978
NSW100,1,31,9,1,26817.6,1978
NSW101,1,24,10,1,0.0,1978
NSW102,1,26,10,1,9265.788,1978
NSW103,1,25,11,1,485.2298,1978
NSW104,1,18,11,1,4814.627,1978
NSW105,1,19,11,1,7458.105,1978
NSW106,1,43,9,1,0.0,1978
NSW107,1,27,13,0,34099.28,1978
NSW108,1,17,9,1,1953.268,1978
NSW109,1,30,11,1,0.0,1978
NSW110,1,26,10,1,0.0,1978
NSW111,1,20,9,1,8881.665,1978
NSW112,1,17,9,1,6210.67,1978
NSW113,1,20,12,0,0.0,1978
NSW114,1,18,11,1,929.8839,1978
NSW115,1,27,12,0,0.0,1978
NSW116,1,21,12,0,12558.02,1978
NSW117,1,27,12,0,22163.25,1978
NSW118,1,20,12,0,1652.637,1978
NSW119,1,19,10,1,8124.715,1978
NSW120,1,23,12,0,671.3318,1978
NSW121,1,29,14,0,17814.98,1978
NSW122,1,18,10,1,9737.154,1978
NSW123,1,19,9,1,17685.18,1978
NSW124,1,27,13,0,0.0,1978
NSW125,1,18,11,1,4321.705,1978
NSW126,1,27,9,1,1773.423,1978
NSW127,1,22,12,0,0.0,1978
NSW128,1,23,10,1,11233.26,1978
NSW129,1,23,12,0,559.4432,1978
NSW130,1,20,11,1,1085.44,1978
NSW131,1,17,9,1,5445.2,1978
NSW132,1,28,11,1,60307.93,1978
NSW133,1,26,11,1,1460.36,1978
NSW134,1,20,11,1,6943.342,1978
NSW135,1,24,11,1,4032.708,1978
NSW136,1,31,9,1,10363.27,1978
NSW137,1,23,8,1,4232.309,1978
NSW138,1,18,10,1,11141.39,1978
NSW139,1,29,12,0,0.0,1978
NSW140,1,26,11,1,13385.86,1978
NSW141,1,24,9,1,4849.559,1978
NSW142,1,25,12,0,0.0,1978
NSW143,1,24,10,1,1660.508,1978
NSW144,1,46,8,1,0.0,1978
NSW145,1,31,12,0,2484.549,1978
NSW146,1,19,11,1,4146.603,1978
NSW147,1,19,8,1,9970.681,1978
NSW148,1,27,11,1,0.0,1978
NSW149,1,26,11,1,26372.28,1978
NSW150,1,20,10,1,5615.189,1978
NSW151,1,28,10,1,3196.571,1978
NSW152,1,24,12,0,6167.681,1978
NSW153,1,19,8,1,7535.942,1978
NSW154,1,23,12,0,8484.239,1978
NSW155,1,42,9,1,1294.409,1978
NSW156,1,25,13,0,0.0,1978
NSW157,1,18,9,1,5010.342,1978
NSW158,1,21,12,0,9371.037,1978
NSW159,1,27,10,1,0.0,1978
NSW160,1,21,8,1,4279.613,1978
NSW161,1,22,9,1,3462.564,1978
NSW162,1,31,4,1,7382.549,1978
NSW163,1,24,10,1,0.0,1978
NSW164,1,29,10,1,0.0,1978
NSW165,1,29,12,0,10976.51,1978
NSW166,1,19,10,1,13829.62,1978
NSW167,1,19,11,1,6788.463,1978
NSW168,1,31,9,1,9558.501,1978
NSW169,1,22,10,1,13228.28,1978
NSW170,1,21,9,1,743.6666,1978
NSW171,1,17,10,1,5522.788,1978
NSW172,1,26,12,0,1424.944,1978
NSW173,1,20,9,1,1358.643,1978
NSW174,1,19,10,1,0.0,1978
NSW175,1,26,10,1,672.8773,1978
NSW176,1,28,11,1,0.0,1978
NSW177,1,22,12,0,10092.83,1978
NSW178,1,33,11,1,6281.433,1978
NSW179,1,22,12,0,12590.71,1978
NSW180,1,29,10,1,5112.014,1978
NSW181,1,33,12,0,15952.6,1978
NSW182,1,25,14,0,36646.95,1978
NSW183,1,35,9,1,12803.97,1978
NSW184,1,35,8,1,3786.628,1978
NSW185,1,33,11,1,4181.942,1978
PSID1,0,30,12,0,25564.67,1978
PSID2,0,26,12,0,25564.67,1978
PSID3,0,25,16,0,25564.67,1978
PSID4,0,42,11,1,15491.01,1978
PSID5,0,25,9,1,0.0,1978
PSID6,0,37,9,1,17833.2,1978
PSID7,0,32,12,0,14146.28,1978
PSID8,0,20,12,0,17765.23,1978
PSID9,0,38,9,1,0.0,1978
PSID10,0,39,10,1,4433.18,1978
PSID11,0,41,5,1,19451.31,1978
PSID12,0,31,14,0,22094.97,1978
PSID13,0,34,8,1,5486.799,1978
PSID14,0,29,12,0,6420.722,1978
PSID15,0,22,14,0,18208.55,1978
PSID16,0,42,0,1,9922.934,1978
PSID17,0,25,9,1,7539.361,1978
PSID18,0,28,9,1,15406.78,1978
PSID19,0,40,13,0,11911.95,1978
PSID20,0,35,9,1,11087.38,1978
PSID21,0,27,10,1,17023.41,1978
PSID22,0,27,6,1,5661.171,1978
PSID23,0,36,12,0,21905.82,1978
PSID24,0,47,8,1,0.0,1978
PSID25,0,40,11,1,25564.67,1978
PSID26,0,27,7,1,11149.45,1978
PSID27,0,36,9,1,0.0,1978
PSID28,0,39,6,1,25048.94,1978
PSID29,0,21,9,1,1213.214,1978
PSID30,0,29,12,0,0.0,1978
PSID31,0,22,13,0,9453.017,1978
PSID32,0,25,10,1,11688.82,1978
PSID33,0,27,12,0,7806.829,1978
PSID34,0,45,8,1,15931.37,1978
PSID35,0,26,12,0,2838.713,1978
PSID36,0,27,12,0,14038.4,1978
PSID37,0,33,8,1,25514.43,1978
PSID38,0,25,12,0,4162.756,1978
PSID39,0,49,8,1,7503.896,1978
PSID40,0,40,3,1,12104.06,1978
PSID41,0,22,12,0,2231.367,1978
PSID42,0,25,5,1,14617.67,1978
PSID43,0,25,12,0,19588.74,1978
PSID44,0,21,12,0,10746.03,1978
PSID45,0,33,9,1,25564.67,1978
PSID46,0,20,12,0,0.0,1978
PSID47,0,19,11,1,837.871,1978
PSID48,0,25,12,0,461.0507,1978
PSID49,0,29,12,0,24290.87,1978
PSID50,0,20,12,0,6680.802,1978
PSID51,0,29,6,1,7196.528,1978
PSID52,0,25,13,0,13015.82,1978
PSID53,0,41,15,0,24647.0,1978
PSID54,0,39,10,1,25564.67,1978
PSID55,0,33,12,0,2936.243,1978
PSID56,0,29,8,1,20575.86,1978
PSID57,0,21,11,1,10923.35,1978
PSID58,0,31,12,0,22403.81,1978
PSID59,0,36,12,0,7215.739,1978
PSID60,0,25,7,1,122.6513,1978
PSID61,0,35,7,1,15177.73,1978
PSID62,0,22,9,1,4742.025,1978
PSID63,0,31,2,1,9732.307,1978
PSID64,0,40,15,0,6238.962,1978
PSID65,0,47,3,1,6145.865,1978
PSID66,0,26,8,1,11136.15,1978
PSID67,0,42,7,1,9241.702,1978
PSID68,0,53,12,0,19965.56,1978
PSID69,0,30,17,0,14421.13,1978
PSID70,0,28,10,1,10289.41,1978
PSID71,0,46,11,1,0.0,1978
PSID72,0,28,12,0,21602.88,1978
PSID73,0,27,12,0,25564.67,1978
PSID74,0,25,10,1,12418.81,1978
PSID75,0,38,8,1,0.0,1978
PSID76,0,26,12,0,4181.966,1978
PSID77,0,54,12,0,0.0,1978
PSID78,0,38,8,1,8720.065,1978
PSID79,0,23,17,0,16747.08,1978
PSID80,0,23,8,1,2782.559,1978
PSID81,0,23,12,0,14065.0,1978
PSID82,0,25,12,0,379.7757,1978
PSID83,0,25,15,0,12705.49,1978
PSID84,0,37,11,1,0.0,1978
PSID85,0,40,12,0,21857.05,1978
PSID86,0,19,10,1,135.9508,1978
PSID87,0,48,7,1,0.0,1978
PSID88,0,19,12,0,0.0,1978
PSID89,0,16,9,1,0.0,1978
PSID90,0,29,10,1,7781.708,1978
PSID91,0,30,16,0,15538.29,1978
PSID92,0,22,11,1,10642.59,1978
PSID93,0,22,10,1,2453.026,1978
PSID94,0,47,10,1,19330.14,1978
PSID95,0,25,12,0,3020.473,1978
PSID96,0,47,10,1,19438.02,1978
PSID97,0,24,12,0,0.0,1978
PSID98,0,20,12,0,0.0,1978
PSID99,0,28,12,0,7314.747,1978
PSID100,0,47,11,1,3358.873,1978
PSID101,0,50,0,1,220.1813,1978
PSID102,0,18,12,0,8957.978,1978
PSID103,0,21,12,0,1687.564,1978
PSID104,0,47,11,1,17358.85,1978
PSID105,0,21,12,0,5937.505,1978
PSID106,0,34,11,1,18133.18,1978
PSID107,0,19,12,0,1066.919,1978
PSID108,0,44,13,0,3104.704,1978
PSID109,0,21,15,0,0.0,1978
PSID110,0,20,12,0,12718.79,1978
PSID111,0,51,11,1,1525.014,1978
PSID112,0,28,13,0,9253.524,1978
PSID113,0,24,15,0,0.0,1978
PSID114,0,28,8,1,0.0,1978
PSID115,0,20,11,1,11075.56,1978
PSID116,0,29,12,0,8133.407,1978
PSID117,0,23,12,0,3818.445,1978
PSID118,0,20,11,1,5495.665,1978
PSID119,0,42,7,1,9856.436,1978
PSID120,0,43,12,0,18781.9,1978
PSID121,0,27,13,0,5344.937,1978
PSID122,0,27,4,1,3367.739,1978
PSID123,0,25,12,0,7981.201,1978
PSID124,0,18,12,0,12602.05,1978
PSID125,0,31,16,0,25564.67,1978
PSID126,0,27,12,0,7240.86,1978
PSID127,0,18,11,1,15814.63,1978
PSID128,0,24,7,1,0.0,1978
PSID129,0,23,12,0,5535.564,1978
PSID130,0,50,12,0,18597.19,1978
PSID131,0,19,12,0,15436.33,1978
PSID132,0,23,10,1,6398.556,1978
PSID133,0,51,12,0,16015.6,1978
PSID134,0,19,11,1,94.5745,1978
PSID135,0,20,10,1,21141.83,1978
PSID136,0,20,11,1,7403.41,1978
PSID137,0,21,12,0,0.0,1978
PSID138,0,39,10,1,18761.22,1978
PSID139,0,36,5,1,2751.527,1978
PSID140,0,19,9,1,14344.29,1978
PSID141,0,42,6,1,1907.745,1978
PSID142,0,20,7,1,6098.578,1978
PSID143,0,23,12,0,0.0,1978
PSID144,0,35,12,0,0.0,1978
PSID145,0,18,12,0,12120.31,1978
PSID146,0,43,8,1,6395.601,1978
PSID147,0,37,14,0,13429.58,1978
PSID148,0,24,10,1,2173.736,1978
PSID149,0,51,12,0,1019.631,1978
PSID150,0,22,11,1,14187.65,1978
PSID151,0,19,12,0,7118.209,1978
PSID152,0,52,0,1,0.0,1978
PSID153,0,21,12,0,4787.834,1978
PSID154,0,24,12,0,0.0,1978
PSID155,0,35,8,1,9460.406,1978
PSID156,0,20,13,0,0.0,1978
PSID157,0,17,7,1,1613.677,1978
PSID158,0,18,10,1,8154.095,1978
PSID159,0,28,12,0,7310.313,1978
PSID160,0,25,14,0,1892.968,1978
PSID161,0,40,12,0,876.2919,1978
PSID162,0,50,3,1,13976.34,1978
PSID163,0,48,8,1,11600.15,1978
PSID164,0,17,7,1,6460.621,1978
PSID165,0,30,12,0,14475.81,1978
PSID166,0,30,7,1,366.4762,1978
PSID167,0,22,11,1,0.0,1978
PSID168,0,27,12,0,13419.24,1978
PSID169,0,25,9,1,1898.879,1978
PSID170,0,21,14,0,6389.69,1978
PSID171,0,17,10,1,19993.64,1978
PSID172,0,39,7,1,9206.237,1978
PSID173,0,18,9,1,803.8833,1978
PSID174,0,25,12,0,1037.364,1978
PSID175,0,20,8,1,0.0,1978
PSID176,0,19,13,0,0.0,1978
PSID177,0,19,11,1,9853.481,1978
PSID178,0,22,12,0,25564.67,1978
PSID179,0,18,11,1,20243.38,1978
PSID180,0,21,10,1,7675.312,1978
PSID181,0,24,12,0,3262.82,1978
PSID182,0,18,11,1,12489.75,1978
PSID183,0,17,10,1,6231.573,1978
PSID184,0,17,10,1,7843.773,1978
PSID185,0,18,10,1,237.914,1978
PSID186,0,53,10,1,13170.98,1978
PSID187,0,18,11,1,3683.972,1978
PSID188,0,17,10,1,6918.716,1978
PSID189,0,26,12,0,0.0,1978
PSID190,0,39,5,1,18323.81,1978
PSID191,0,18,12,0,3057.416,1978
PSID192,0,23,13,0,4975.505,1978
PSID193,0,18,8,1,6756.166,1978
PSID194,0,28,10,1,2404.261,1978
PSID195,0,32,4,1,0.0,1978
PSID196,0,18,11,1,33.98771,1978
PSID197,0,40,10,1,0.0,1978
PSID198,0,21,14,0,16967.26,1978
PSID199,0,29,10,1,6694.101,1978
PSID200,0,31,6,1,0.0,1978
PSID201,0,46,7,1,0.0,1978
PSID202,0,20,9,1,0.0,1978
PSID203,0,36,18,0,18227.76,1978
PSID204,0,45,12,0,7987.112,1978
PSID205,0,16,10,1,6847.785,1978
PSID206,0,18,12,0,2232.845,1978
PSID207,0,40,12,0,3873.121,1978
PSID208,0,16,9,1,2451.548,1978
PSID209,0,16,10,1,5578.418,1978
PSID210,0,28,5,1,239.3917,1978
PSID211,0,20,12,0,15554.55,1978
PSID212,0,19,8,1,5327.204,1978
PSID213,0,16,8,1,542.3257,1978
PSID214,0,20,11,1,0.0,1978
PSID215,0,35,10,1,1745.195,1978
PSID216,0,32,6,1,0.0,1978
PSID217,0,32,16,0,0.0,1978
PSID218,0,17,9,1,8900.347,1978
PSID219,0,16,7,1,4728.725,1978
PSID220,0,32,15,0,7684.178,1978
PSID221,0,19,12,0,12059.73,1978
PSID222,0,40,12,0,17717.94,1978
PSID223,0,50,7,1,0.0,1978
PSID224,0,39,11,1,0.0,1978
PSID225,0,18,8,1,1306.31,1978
PSID226,0,39,10,1,701.9201,1978
PSID227,0,17,11,1,7759.542,1978
PSID228,0,17,5,1,0.0,1978
PSID229,0,19,12,0,2587.499,1978
PSID230,0,27,15,0,3392.86,1978
PSID231,0,18,11,1,7933.914,1978
PSID232,0,20,14,0,1454.083,1978
PSID233,0,20,12,0,13683.75,1978
PSID234,0,19,13,0,9067.33,1978
PSID235,0,24,8,1,2340.719,1978
PSID236,0,27,12,0,0.0,1978
PSID237,0,19,9,1,5647.871,1978
PSID238,0,52,8,1,0.0,1978
PSID239,0,18,11,1,0.0,1978
PSID240,0,16,10,1,3892.332,1978
PSID241,0,18,12,0,4843.988,1978
PSID242,0,45,12,0,0.0,1978
PSID243,0,21,14,0,2256.488,1978
PSID244,0,36,8,1,0.0,1978
PSID245,0,21,13,0,0.0,1978
PSID246,0,41,7,1,0.0,1978
PSID247,0,18,7,1,642.8111,1978
PSID248,0,39,9,1,5752.79,1978
PSID249,0,19,3,1,0.0,1978
PSID250,0,32,13,0,15353.58,1978
PSID251,0,16,9,1,4112.513,1978
PSID252,0,16,7,1,6210.885,1978
PSID253,0,21,9,1,1223.558,1978
PSID254,0,22,12,0,14289.62,1978
PSID255,0,23,11,1,4776.012,1978
PSID256,0,17,8,1,0.0,1978
PSID257,0,21,8,1,8844.194,1978
PSID258,0,18,10,1,0.0,1978
PSID259,0,24,12,0,8547.171,1978
PSID260,0,24,12,0,1273.8,1978
PSID261,0,16,9,1,3707.616,1978
PSID262,0,20,8,1,5551.819,1978
PSID263,0,42,8,1,14116.72,1978
PSID264,0,17,8,1,18891.26,1978
PSID265,0,19,8,1,18510.0,1978
PSID266,0,17,9,1,54.67588,1978
PSID267,0,21,14,0,7698.955,1978
PSID268,0,16,9,1,3983.951,1978
PSID269,0,23,13,0,582.2243,1978
PSID270,0,16,9,1,1725.985,1978
PSID271,0,17,11,1,5173.521,1978
PSID272,0,46,7,1,0.0,1978
PSID273,0,32,10,1,8245.714,1978
PSID274,0,18,11,1,7503.896,1978
PSID275,0,23,12,0,0.0,1978
PSID276,0,18,10,1,14053.18,1978
PSID277,0,19,10,1,0.0,1978
PSID278,0,16,7,1,6145.865,1978
PSID279,0,26,7,1,650.1997,1978
PSID280,0,16,10,1,2136.793,1978
PSID281,0,17,10,1,6423.677,1978
PSID282,0,17,10,1,1483.637,1978
PSID283,0,23,8,1,0.0,1978
PSID284,0,29,12,0,9473.705,1978
PSID285,0,17,10,1,10301.23,1978
PSID286,0,49,8,1,14963.46,1978
PSID287,0,20,10,1,15363.92,1978
PSID288,0,40,16,0,0.0,1978
PSID289,0,19,10,1,675.321,1978
PSID290,0,18,11,1,1421.573,1978
PSID291,0,16,6,1,0.0,1978
PSID292,0,22,8,1,209.8372,1978
PSID293,0,31,12,0,11023.84,1978
PSID294,0,20,11,1,6280.338,1978
PSID295,0,17,11,1,1913.656,1978
PSID296,0,50,12,0,25564.67,1978
PSID297,0,49,14,0,25564.67,1978
PSID298,0,47,9,1,25564.67,1978
PSID299,0,34,11,1,0.0,1978
PSID300,0,22,8,1,959.0445,1978
PSID301,0,27,12,0,12593.19,1978
PSID302,0,30,10,1,11563.21,1978
PSID303,0,52,12,0,25564.67,1978
PSID304,0,43,12,0,16860.86,1978
PSID305,0,27,9,1,0.0,1978
PSID306,0,35,13,0,11269.14,1978
PSID307,0,45,12,0,12108.49,1978
PSID308,0,22,11,1,9088.018,1978
PSID309,0,22,12,0,3342.618,1978
PSID310,0,23,11,1,4183.444,1978
PSID311,0,55,7,1,0.0,1978
PSID312,0,26,14,0,0.0,1978
PSID313,0,34,12,0,6032.08,1978
PSID314,0,22,11,1,5748.356,1978
PSID315,0,31,12,0,4094.78,1978
PSID316,0,19,12,0,2160.436,1978
PSID317,0,24,10,1,5040.525,1978
PSID318,0,36,12,0,0.0,1978
PSID319,0,20,9,1,15892.95,1978
PSID320,0,23,8,1,0.0,1978
PSID321,0,35,11,1,21963.45,1978
PSID322,0,23,12,0,16324.45,1978
PSID323,0,29,10,1,251.2135,1978
PSID324,0,24,9,1,818.6605,1978
PSID325,0,18,10,1,0.0,1978
PSID326,0,45,8,1,31.03226,1978
PSID327,0,21,13,0,17627.8,1978
PSID328,0,29,13,0,14339.86,1978
PSID329,0,21,15,0,1717.118,1978
PSID330,0,22,16,0,116.7404,1978
PSID331,0,24,12,0,2448.593,1978
PSID332,0,20,14,0,2813.591,1978
PSID333,0,19,6,1,14998.92,1978
PSID334,0,19,9,1,3372.172,1978
PSID335,0,19,12,0,0.0,1978
PSID336,0,20,13,0,913.235,1978
PSID337,0,19,12,0,0.0,1978
PSID338,0,26,5,1,3700.227,1978
PSID339,0,26,9,1,2862.356,1978
PSID340,0,23,12,0,0.0,1978
PSID341,0,20,9,1,12618.31,1978
PSID342,0,20,10,1,6290.682,1978
PSID343,0,36,11,1,0.0,1978
PSID344,0,39,12,0,1202.869,1978
PSID345,0,17,9,1,422.6298,1978
PSID346,0,55,3,1,0.0,1978
PSID347,0,28,8,1,19516.33,1978
PSID348,0,19,12,0,8923.991,1978
PSID349,0,37,7,1,0.0,1978
PSID350,0,16,9,1,15997.87,1978
PSID351,0,17,10,1,9438.24,1978
PSID352,0,24,12,0,2284.565,1978
PSID353,0,19,11,1,3406.16,1978
PSID354,0,50,5,1,9166.338,1978
PSID355,0,19,9,1,0.0,1978
PSID356,0,36,1,1,0.0,1978
PSID357,0,18,11,1,7722.599,1978
PSID358,0,16,7,1,7515.717,1978
PSID359,0,21,11,1,6708.879,1978
PSID360,0,55,6,1,0.0,1978
PSID361,0,37,12,0,877.7696,1978
PSID362,0,26,12,0,0.0,1978
PSID363,0,54,12,0,0.0,1978
PSID364,0,50,12,0,0.0,1978
PSID365,0,16,8,1,2559.422,1978
PSID366,0,16,9,1,0.0,1978
PSID367,0,18,10,1,2281.61,1978
PSID368,0,40,11,1,0.0,1978
PSID369,0,16,8,1,0.0,1978
PSID370,0,16,9,1,2158.959,1978
PSID371,0,26,14,0,6717.745,1978
PSID372,0,20,9,1,6083.8,1978
PSID373,0,20,12,0,0.0,1978
PSID374,0,18,11,1,0.0,1978
PSID375,0,46,11,1,2820.98,1978
PSID376,0,17,8,1,12760.17,1978
PSID377,0,16,9,1,4974.028,1978
PSID378,0,30,10,1,3151.991,1978
PSID379,0,33,12,0,5841.453,1978
PSID380,0,34,12,0,18716.88,1978
PSID381,0,21,13,0,17941.08,1978
PSID382,0,29,11,1,0.0,1978
PSID383,0,19,12,0,0.0,1978
PSID384,0,31,4,1,1161.493,1978
PSID385,0,19,12,0,18573.55,1978
PSID386,0,20,12,0,11594.24,1978
PSID387,0,55,4,1,0.0,1978
PSID388,0,19,11,1,16485.52,1978
PSID389,0,18,11,1,7146.286,1978
PSID390,0,48,13,0,0.0,1978
PSID391,0,16,9,1,6821.186,1978
PSID392,0,17,10,1,0.0,1978
PSID393,0,38,12,0,18756.78,1978
PSID394,0,34,8,1,2664.341,1978
PSID395,0,53,12,0,0.0,1978
PSID396,0,48,14,0,7236.427,1978
PSID397,0,16,9,1,6494.608,1978
PSID398,0,17,8,1,4520.366,1978
PSID399,0,27,14,0,10122.43,1978
PSID400,0,37,8,1,648.722,1978
PSID401,0,17,10,1,1053.619,1978
PSID402,0,16,8,1,0.0,1978
PSID403,0,48,12,0,1491.026,1978
PSID404,0,55,7,1,0.0,1978
PSID405,0,21,15,0,0.0,1978
PSID406,0,16,10,1,1730.418,1978
PSID407,0,23,12,0,3902.676,1978
PSID408,0,46,11,1,0.0,1978
PSID409,0,17,10,1,14942.77,1978
PSID410,0,42,16,0,23764.8,1978
PSID411,0,18,10,1,5306.516,1978
PSID412,0,53,12,0,0.0,1978
PSID413,0,17,10,1,3859.822,1978
PSID414,0,17,6,1,0.0,1978
PSID415,0,43,6,1,0.0,1978
PSID416,0,34,12,0,0.0,1978
PSID417,0,16,8,1,12242.96,1978
PSID418,0,27,12,0,1533.88,1978
PSID419,0,51,4,1,0.0,1978
PSID420,0,39,2,1,964.9555,1978
PSID421,0,55,8,1,0.0,1978
PSID422,0,16,9,1,5551.819,1978
PSID423,0,27,10,1,7543.794,1978
PSID424,0,25,14,0,0.0,1978
PSID425,0,18,11,1,10150.5,1978
PSID426,0,24,1,1,19464.61,1978
PSID427,0,21,18,0,0.0,1978
PSID428,0,32,5,1,187.6713,1978
PSID429,0,16,9,1,1495.459,1978
